{
  "releaseSolution_median":"1.11",
  "activeDevelopersEmail":
  {
    "David Hewitt":"1939362+davidhewitt@users.noreply.github.com",
    "Yuji Kanagawa":"yuji.kngw.80s.revive@gmail.com",
    "konstin":"konstin@mailbox.org",
    "kngwyu":"yuji.kngw.80s.revive@gmail.com",
    "Nikolay Kim":"fafhrd91@gmail.com",
    "Daniel Grunwald":"daniel@danielgrunwald.de",
    "messense":"messense@icloud.com",
    "mejrs":"",
    "Georg Brandl":"georg@python.org",
    "Alexander Niederbühl":"a.niederbuehl@gmail.com"
  },
  "Keywords":
  {
    "a":300.0304,
    "I":218.15623,
    "`":142.44888,
    "#":135.80457,
    "-":127.88556,
    ">":121.495346,
    "pyo":120.06872,
    "```":118.03987,
    "https":112.19789,
    "Python":108.39,
    "e":92.313126,
    "python":88.72781,
    "use":86.9081,
    "c":85.73058,
    "think":81.54162,
    "o":81.48464,
    "rcgu":79.13342,
    "com":73.86908,
    "x":73.66105,
    "github":73.492516,
    "d":70.343925,
    "I'm":70.264435,
    "code":68.66879,
    "The":66.60753,
    "py":63.99872,
    "This":62.86651,
    "error":62.226894,
    "f":61.529503,
    "fn":60.02706,
    "PyO":59.339756,
    "using":58.050743,
    "new":57.856598,
    "it's":57.107227,
    "Rust":56.900837,
    "b":56.522774,
    "home":55.724373,
    "->":55.2923,
    "type":54.126587,
    "rs":53.665222,
    "test":53.593956,
    "build":51.97113,
    "function":50.035187,
    "don't":49.368557,
    "work":48.57718,
    "deps":47.940334,
    "add":46.499496,
    "'":46.25294,
    "make":45.82993,
    "lib":45.79933,
    "It":45.750763,
    "PR":45.727444,
    "object":44.989002,
    "debug":44.976715,
    "let":44.953396,
    "version":44.051544,
    "_":44.01205,
    "rust":43.615585,
    "issue":43.526398,
    "src":43.509117,
    "target":43.437603,
    "`#":42.55867,
    "```rust":42.317993,
    "example":41.93422,
    "types":41.727882,
    "If":41.607906,
    "time":41.43964,
    "Thanks":41.26908,
    "struct":40.089294,
    "way":39.40514,
    "C":39.169815,
    "tests":38.934357,
    "I've":38.691513,
    "support":38.5199,
    "module":38.39679,
    "<":37.80372,
    "want":37.51556,
    "sure":36.444153,
    "docs":36.295258,
    "release":36.08197,
    "change":35.92622,
    "self":35.74619,
    "case":35.636578,
    "used":35.571247,
    "implementation":35.157185,
    "possible":34.705753,
    "`pyo":34.511692,
    "run":34.421074,
    "doesn't":34.167587,
    "So":34.004055,
    "return":33.481075,
    "class":33.4475,
    "In":33.068924,
    "cargo":33.064915,
    "API":32.444134,
    "pyclass":32.230473,
    "fix":32.173122,
    "set":32.01027,
    "problem":31.98955,
    "issues":31.956215,
    "method":31.762302,
    "g":31.63381,
    "v":31.513102,
    "probably":30.508318,
    "methods":30.400925,
    "reference":30.144196,
    "feature":29.74812,
    "macro":28.943548,
    "trait":28.832336,
    "Ok":28.796366,
    "crate":28.568666,
    "But":28.551672,
    "good":28.444366,
    "impl":28.379368,
    "try":28.339516,
    "import":28.32315,
    "We":28.322374,
    "I'd":28.079086,
    "bit":27.889439,
    "I'll":27.876003,
    "looks":27.813118,
    "For":27.62646,
    "really":27.58704,
    "works":27.513538,
    "default":26.95157,
    "###":26.674582,
    "functions":26.44046,
    "better":26.269268,
    "main":26.254522,
    "ffi":26.23125,
    "Thank":26.190207,
    "users":26.125303,
    "help":26.097431,
    "Users":26.09343,
    "implement":25.95722,
    "thanks":25.920622,
    "--cfg":25.819176,
    "file":25.393896,
    "library":25.310284,
    "org":25.277546,
    "documentation":25.242048,
    "know":25.046808,
    "pub":24.976439,
    "path":24.818491,
    "able":24.680853,
    "pull":24.537449,
    "changes":24.528166,
    "objects":24.397041,
    "added":24.341064,
    "actually":24.188509,
    "value":24.165745,
    "note":24.140783,
    "thread":24.08455,
    "GIL":23.82483,
    "can't":23.72435,
    "right":23.42642,
    "check":23.312872,
    "current":22.790983,
    "things":22.779465,
    "running":22.68239,
    "Add":22.518839,
    "'py_sys_config":22.160269,
    "that's":22.086344,
    "argument":21.980148,
    "li>":21.953152,
    "implemented":21.944857,
    "there's":21.816366,
    "As":21.76407,
    "user":21.700346,
    "different":21.623697,
    "s":21.581982,
    "CI":21.51063,
    "makes":21.450026,
    "It's":21.398296,
    "following":21.188932,
    "compile":21.12408,
    "solution":21.040215,
    "Also":20.957579,
    "data":20.91899,
    "idea":20.723484,
    "u":20.691896,
    "errors":20.557793,
    "working":20.543863,
    "guide":20.462667,
    "unsafe":20.439173,
    "master":20.436575,
    "remove":20.30015,
    "A":20.249224,
    "h":20.101097,
    "And":20.085518,
    "line":20.049461,
    "project":20.036644,
    "going":20.018314,
    "macros":19.99641,
    "usr":19.81455,
    "You":19.7543,
    "examples":19.743721,
    "`cargo":19.735909,
    "a>":19.699713,
    "commit":19.603674,
    "m":19.569859,
    "needs":19.508066,
    "std":19.477077,
    "T":19.467247,
    "having":19.372936,
    "list":19.349564,
    "tried":19.242369,
    "rlib":19.222054,
    "adding":19.196764,
    "private":19.087675,
    "merge":19.062637,
    "create":19.007698,
    "unwrap":18.99106,
    "nice":18.979433,
    "arguments":18.925259,
    "PyObject":18.922474,
    "point":18.770943,
    "doing":18.74927,
    "output":18.713573,
    "write":18.673538,
    "allow":18.574688,
    "bin":18.516283,
    "similar":18.49728,
    "Is":18.484306,
    "result":18.475124,
    "However":18.453636,
    "None":18.376877,
    "That":18.329447,
    "pymethods":18.2938,
    "look":18.28374,
    "%":18.224495,
    "thinking":18.21663,
    "@davidhewitt":18.212957,
    "pyfunction":18.141224,
    "trying":18.052761,
    "didn't":17.999004,
    "doc":17.947096,
    "branch":17.842007,
    "memory":17.798388,
    "fixed":17.566711,
    "code>":17.559574,
    "conversion":17.49974,
    "lot":17.421776,
    "ee":17.389832,
    "versions":17.342865,
    "uses":17.131083,
    "required":17.113201,
    "guess":17.055944,
    "fine":16.985096,
    "PyPy":16.909634,
    "isn't":16.897076,
    "update":16.83601,
    "To":16.778078,
    "link":16.761908,
    "attribute":16.736525,
    "bug":16.71968,
    "Some":16.70272,
    "string":16.701649,
    "mut":16.686163,
    "thing":16.642992,
    "correct":16.602316,
    "interpreter":16.597548,
    "missing":16.533884,
    "quite":16.520212,
    "How":16.35327,
    "html":16.289581,
    "What":16.275974,
    "design":16.259924,
    "failed":16.246714,
    "CPython":16.215757,
    "io":16.127552,
    "got":16.10586,
    "you're":15.966396,
    "future":15.926774,
    "&":15.736182,
    "foo":15.734248,
    "calling":15.7020645,
    "E":15.658161,
    "extract":15.579449,
    "avoid":15.513548,
    "cases":15.407118,
    "needed":15.379766,
    "environment":15.362232,
    "pass":15.330021,
    "convert":15.323347,
    "$":15.316369,
    "pointer":15.261679,
    "rs#L":15.116822,
    "&self":15.078047,
    "message":14.988986,
    "useful":14.951976,
    "fails":14.896802,
    "package":14.878465,
    "install":14.812898,
    "reason":14.765549,
    "rs`":14.757519,
    "lifetime":14.720632,
    "Maybe":14.683519,
    "-L":14.674185,
    "safe":14.596646,
    "wrong":14.503449,
    "files":14.491774,
    "stable":14.464632,
    "calls":14.400853,
    "making":14.348091,
    "dict":14.32491,
    "information":14.297853,
    "nightly":14.249381,
    "Fix":14.243713,
    "n":14.218415,
    "related":14.191231,
    "traits":14.186177,
    "open":14.184159,
    "Windows":14.175173,
    "access":14.07112,
    "expected":14.024361,
    "var":14.010511,
    "gil":13.995196,
    "understand":13.982659,
    "When":13.969314,
    "script":13.940911,
    "static":13.929768,
    "rust-lang":13.923192,
    "getting":13.899787,
    "print":13.891743,
    "Bug":13.861677,
    "maturin":13.858929,
    "changed":13.828123,
    "core":13.8203945,
    "generated":13.79421,
    "match":13.777231,